No;Nama;Ulasan;Label
1;Antonina Suryantari;Tempatnya bagus tetapi agak kotor. Ada limbah tebu yang sepertinya dibuang di sekitar area sehingga ada bau tidak sedap yang tercium. Kalau areanya bersih, akan lebih menyenangkan menghabiskan waktu di sana.;Negatif
2;izdiharuddin muhammad;Pemandangan yg indah, adem pula suasanyanya meskipun pinggir laut. Cuman air terjunya hanya ada ketika musim hujan;Positif
3;Novakusuma Bangsa;tempat wisata yg keren dan recomended bgt buat dikunjungi, apalagi kuliner dan es degannya yg bner2 bisa buat kita move on dari mantan?? …;Positif
4;Novakusuma Bangsa;Mantap viewnya bagus banget, terlihat masih asri dan air terjunnya langsung ke pantai;Positif
5;Gabriel Pramana;Pemandangannya bagus tempatnya nyaman. Tetapi sangat di sayangkan dialiran air terjun masih banyak sampah sampah plastik yang berserakan, alangkah lebih baik pengelola dapat membersihkan sampah sampah tersebut agar pemandangan jauh lebih baik lagi;Negatif
6;muhammad ansani;Tempatnya nyaman lesehan, makanannya lumayan banyak menu yg disajikan tentunya pinggir laut jadi dapat pemandangan sekaligus bisa menyantap hidangan;Positif
7;tri haryadi;2/6/21. Pemandangan di sini bagus karena memadukan air terjun dan laut. Harga tiket masuknya murah, 5k/orang. Tapi perawatan dan pengembangannya kurang. Banyak sampah. Harga parkir juga agak mahal untuk ukuran wisata yang hanya satu obyek, 5k/motor R2. Kalau ada yang mau ditanya, silakan. Jangan lupa like juga.;Negatif
8;S Nowo El Mahdy;"Dulu lumayan sering ke sini.
Salah satu destinasi paling favorit kalau hendak hunting foto landscape di Pulau Madura. …";Positif
9;Nurdin Rizqiansyah;"Wisata air terjun toroan...
Airnya sungai langsung terjun ke laut...
Tempatnya terawat dan bagus dilihatnya...
Tiket 5k/org...
Salam dr jember...
Semoga kedepanya lebih baik lagi dan...
Top dah buat air terjun toroan";Positif
10;Luki Hidayah;Patut dicoba, masih sangat alami, sebelum masuk infokan ke petugas airnya ada, krn kalau musin kemarau suka kecil debit air terjunnya;Positif
11;ananda alden;"Tempatnya bagus selain air terjun ,diatasnya jg ada rest area.
parkir 5rb+masuk 5rb (hari biasa)";Positif
12;REANITA PUTRI ARDANA;Kondisi setelah hujan, airnya jadi kecoklatan;Negatif
13;N3Y;Pulau Madura ternyata mempunyai obyek wisata air terjun juga, sy pikir Madura hanya mempunyai obyek wisata bukit kapur dan pantai saja. Ternyata Madura mempunyai obyek wisata yang menakjubkan salah satunya adalah air terjun Toroan. …;Positif
14;asan vagez;"Sengkok oreng ketapang cong.. dus nodusih

Sangat TIDAK rekomendasi,. …";Negatif
15;Faisol Munif;Air terjun toroan ini bagus sekali, air terjun yang jatuhnya langsung ke laut. Pemandangan yang indah, bisa menikmati air terjun sekaligus menikmati keindahan laut lepas. Ada beberapa spot untuk foto yang bagus untuk dijadikan tempat untuk …;Positif
16;Indra Susandi;Dari Sumenep ke air terjun yang berada di utara ini benar2 butuh perjuangan. Melewati hutan2 sepi dan perbukitan serta jalannya banyak lubang. Sampai Ketapang sudah malan dan nginap di spbu karena satu2nya homestay sdh full. Pagi2 ke air …;Negatif
17;Masagus Imaduddin;"Jarang-jarang ada air terjun di pinggir pantai nih.

Reccomend banget kesini, tapi emang harus sabar di perjalanan, agak jauh memang …";Positif
18;Herlina Anita;Air terjun toroan terletak di kabupaten sampang. Air terjunnya tdk terlalu tinggi. Pemandangan di sekitar lumayan bagus apalagi kalo saat matahari mau tenggelam. Jalan menuju lokasi medannya baik dan lancar. Di air terjun toroan ini tidak diperbolehkan untuk mandi karena sdh pernah menelan korban jiwa. Tidak bisa buat kemah juga.;Positif
19;Yoshima Putri;"Pas nyampe disana. Pemandangan kalender ini mah. Wkwk
Liat aja foto2 nya bener keren, ini salah satu air terjun yang airnya langsung diterusin ke laut. Waw. Hati2 tapi kalau berenang disini takut keseret ke laut. Tapi selama laut gak pasang, worth it banget lah .. Air tenang, bening kayak kristal ?? …";Positif
20;RnT;Lokasinya berada di pinggir jalan pantura Madura sehingga sangat mudah dijangkau. Pertama kali sampai, pemandangan laut biru menyambut. Air Terjun Toroan memiliki keunikan menghadap langsung ke laut. Untuk menuju lokasi air terjun kita …;Positif
21;Joko Suprapto;Pemandangan cukup bagus kebersihan lumayan bagus Smg LBH ditingkatkan lagi dg fasilitas yg bagus bisa bersaing dg wisata lainnya;Positif
22;Rahmi Saptarianti;Melipir ke sini...Air Terjun Toroan adalah salah satu air terjun yg indah di Madura, buat saya unik karena air terjun ini langsung mengalir ke laut Utara Jawa. Biasanya kalo pengen liat sunset ke pantai identik sama pasir kan? Nah di Toroan …;Positif
23;moh rasul;Tempatnya bagus tolong di tambahkan tempat buat spot spot foto selain air terjunnya dan taman main untuk anak bisa di rekomendasi kan.;Positif
24;agoest jayadi;Kalau kesini cuma bayar parkir 5 ribu saja... ada warung2  yg siap menyambut anda+toiletnya.... saran saya, jangan mandi di bawah air terjunnya pas..karena kategori dalaaaaam dan bahaya karena karang2 nya tajam2... apalagi bwt yg gkbs berenang... klw kpingin mandi, mending di pantainya saja;Positif
25;Faradina Ilma;Kesana pas airnya deres banget. Tapi keren, bagus pemandangannya;Positif
26;Waskitho Wee;"Secara pemandangan, air terjun ini biasa saja sebenarnya, aku bahkan meragukan kata ""air terjun"" karena tingginya yang cuma beberapa meter saja. Jalan sebentar dari parkiran dan air terjun langsung terlihat, gak butuh treking panjang. …";Positif
27;candri maulida;Tempat nya baguss,  pantai yang ada air terjun nya..  Untuk biaya masuk 5.000 perorang dan parkir motor hanya 5.000. Kesana paling enak pagi pas air surut jadi bisa foto di spot² yang bagus..;Positif
28;Tamamul Anwar;Suasananya nyaman.  Dari kota sampang ke sini butuh waktu  kurang lebih jam.  Disini terdapat 3 air terjun   1 lebar dan 2 kecil. Rekom buat teman teman yang ada di daerah sekitar sampang.  Bisa buat memajakan mata.  Foto di ambil saat siang hari.  Eh iya harga parkir nya juga standar kok.;Positif
29;Zein Calvin Story;Bagus,tidak perlu jauh jauh jalan dari parkirannya,,biaya masuknya juga cukup murah hanya 10rb untuk 1 mobil.hanya saja tempat parkir disini  panas tidak ada tempat teduh..;Positif
30;Atika Anggiasih;"Nice view. Tp ga sanggup naek turun tangganya sih.
Blm diexplore banget jg soalnya. Letaknya juga di jalur utara madura yg masih baru banget.
Masih sepi tempatnya.";Positif
31;faiqotul isma dwi utami;"Super keren twmpat ini...

Air terjun langsung ke laut lepas
Masuknya free, cma bayar uang parkir motor 5000 aja";Positif
32;INJ PenaOficial;Tempat sngat strategis, tepat di sebelah jalan raya, pemandangan sangat bagus, apalagi ketika pagi dan sore, ditambah dengan desain cafe yg sangat cantik serta dinding tangga yang cerah2;Positif
33;Arif jeeh;Keren banget sih, saya kesini waktu sore jadi hasil fotonya keren. Masuk cuma bayar parkir aja kok. Buat ke air terjunnya juga dekat, turun sedikit aja dari parkiran. Di dekat parkiran juga terdapat penjual makanan dan minuman lesehan yang langsung view ke arah pantainya;Positif
34;Lek Yung;Tdk rugi dtg ke tempat ini .... jalan nya enak, gak terlalu jauh .... akses masuk ke air terjun sangat dekat .... jalannya enak .... air terjun bagus .....;Positif
35;frank rush;Ada restorannya, harga murah, rasa pas aja poin 7. Hati2 ke lokasi air terjunnya, jalan agak licin dusim hujan.;Positif
36;Vicky Faisal;Air Terjun Toroan. Satu satunya air terjun yg ada di Madura. Yang mana sumbernya dari mata air alami yang langsung turun ke Laut. Lokasi air terjun ini berada di Desa Ketapang Timur Kecamatan Ketapang Kabupaten Sampang Madura. Lokasinya tepat di Pinggir jalan mempermudah wisatawan untuk berkunjung ke tempat ini.;Positif
37;Ligar Syam Rama;"Lokasi sekitar 80 km dari jembatan suramadu, tp dengan jalan yg lumayan bagus dan sepi jd g trlalu bosen d jalan.
Sampai d lokasi langsung saja parkir, tidak dipungut biaya masuk lokasi air …";Positif
38;Hidayatul Mustofa;"Tempat yg bagus..
Air terjun alami..
Suasana adem.. …";Positif
39;Riska Auliya;Nice bagus, cuma saya datang pas habis hujan jadi jalanan agak licin jadi hati-hati ya man teman, ada warung juga parkir lumayan luas;Positif
40;Tri Junaedi Sabri;Air terjun ini bagus untuk fotografi. Cman kurang bagus untuk bermain air karena tempatnya banyak batu dan airnya biasanya ndak jernih. Untuk fasilitas di sini sudah mulai berbenah, toilet sudah ada. Restoran kecil kecilan juga tersedia. Jadi setelah motret bisa nongkrong makan di sini.;Positif
41;Eriana Siskawati;pemandangan yang sangat indah, cocok juga untuk orang orang luar kota yang berlibur di air terjun ini, Dan biayanya cukup murah.;Positif
42;4r1f Maman;Alhamdulillah,Segala puji bagi Allah,tuhan tunggal,Esa....cuma dipingir banyak sampah...kalau bisa pengurus mungut biaya masuk, tiap hari bersihkan sampahnya?;Negatif
43;tufail aulia;Air terjun toroan, dilengkapi fasilitas musholla, toilet, warung makan kadang buka kadang tutup, mudah terlihat dari jalan raya. Wisata masih alami hanya kena parkir R4 10.000, R2 5000. parkir luas dan nyaman.;Positif
44;Zain Mughozin;Karena habis hujan jadi airnya keruh;Negatif
45;Muhajir Al Mubarok;Bagus bgt..;Positif
46;dyah purwanti;Air terjunnya biasa aja cuma letaknya langsung jatuh ke pantai itu yang bikin banyak orang penasaran,tempat untuk makan dan minum,toilet sudah ada tapi untuk mushola ada sih tapi bentuknya seperti gardu jaga.mestinya mushollanya dibuat jauh lebih baik agar waktu beribadah lebih nyaman.;Negatif
47;Bang Tora;"Entah berapa kali mengunjungi Pulau Madura, keliling melipir jalur pantura dan mengexplore obyek wisatanya. Mengexplore dari Bangkalan hingga Sumenep. Pulau ini selalu jadi ""jujukan"" saat kawan-kawan luar Jawa datang dan ingin merasakan …";Positif
48;fadel abu aufa;Anda lewat pantura madura, rasanya kurang lengkap tanpa mampir di air terjun toroan tepatnya di ketapang timur kabupaten sampang, air terjunnya langsung jatuh ke laut dan satu-satunya di madura dan sekarang sudah ada rest area, tempat parkir, rumah makan serta toilet;Positif
49;Irfan Pradana;Akses jalannya mudah, bayar parkir aja 5000, tempatnya bersih, bagus, cocok buat foto2, adem banget dideketnya air terjun.. Ga sia2 jauh2 kesini IG @marchirfan;Positif
50;Maria Farida;Air terjun yang indah dan langsung jatuh di tepi pantai utara Pulau Madura;Positif
51;fitri rahmatullah;Pertama kesini blm ada yg mengelola, masih gratis. Sekarang sudah ada yg mengelola, sudah ada cafe2, toilet, parkir dan mushola;Positif
52;riko hannafi;Air terjun turoan. Air terjun yg mengarah langsung ke pantai. Fasilitas lengkap ada mushola, parkir luas.tp sayang tidak boleh berenang di area air terjun.lumayan untuk liburan menikmati alam.;Positif
53;Ila Muizza;Tempatnya bagus dan sejuk. Masuk gratis. Cuma bayar parkir 5rb. Kalau ke sini cobain foto dari atas air terjunnya. Lihat pemandangan di bawah dari atas. Lokasinya deket toilet.;Positif
54;Bambang Eko Listrianto;Air terjun muara sungai yg  cukup curam ,;Positif
55;Petualang Hijrah Original Video No Editing;Wisata asik... sederhana.. bagus buat selfi dan foto...harga tiket masuk cuman 3000;Positif
56;lis miati;"Tempat nya Nayaman sejuk bagus buat berfoto dengan keluarga ...tp kl hujan laut nya ad sampah"" yg merusak pemandangan mata";Positif
57;Onez;Lokasi ini cocok bangrt buat berlibur bagi keluarga dan spot yang bagus untuk mengabadikan momen senja..silahkan follow ig saya @onezliano bonus follback ?? …;Positif
58;Feizal Aditya;Air terjunnya keren airnya langsung jatuh pinggir pantai, pantai lumayan bersih, akses gratis cuma bayar parkir aja untuk motor 5rb, ada tempat makan juga.;Positif
59;Cimahi_SM Ekstra_Anggih SK._SM3;Air terjun langsung ke laut, lautnya bersih dari sampah, sangat bagus untuk foto-foto;Positif
60;BEBASAKSES 00;"Air Terjun Toroan KCT/ Ketapang/ KBT/ Sampang ( MADURA ) Tempat Nya Bagus Untuk Di Kunjungi All Turns.
All Sejagat Raya  ( ATT BEST ) Air nya menyatu dengan air lautan samudera.  Air …";Positif
61;Nur Fadilah;Tempatnya nyaman, banyak spot foto nya juga ada tempat parkir buat mobil juga, dan ketika masuk harus turun tangga dulu kaya destinasi wisata biasanya yaaa ???? …;Positif
62;Laisa Tude;Air Terjun Yg Bagus, Banyak Spot Foto Yg Keren';Positif
63;Moh. Ghufron Cholid;Sangat menarik hati pemandangannya dan bikin liburan bersama keluarga semakin berkesan;Positif
64;Agus Purnomo;Menarik, menyenangkan ada tempat makan lesehan utk sekedar istirahat dn mengisi perut dg pemandangan pantai sipp;Positif
65;Zada Artanti;Air terjunnya bagus bangett. Airnya ngalir langsung ke pantainya. Disuguhi warna air terjun yang bikin gapengen pulang. Dan disana juga menyediakan tempat makan yang nyaman banget dan bisa liat pemandangan sambil makan juga. Bagus deh pokoknya. Kalian harus kesini explore Indonesia yang cantik.;Positif
66;Muhammad Nur Adil;Terbayarkan dengan panorama yang indah, gabungan antara air terjungan dengan pantai sangat memanjakan mata.;Positif
67;mahardian rahmadi;Air terjun kecil tetapi cukup indah. Lokasi tepat di jalur pantura bangkalan - sumenep;Positif
68;ar hakam;"lumayan laah
.perlu ditambahkan bridge depan bawah air terjun nya ...";Positif
69;Istiana Anggraeny;Viewnya bagus, tempatnya jg nyaman buat family time. Makanannya jg enaak;Positif
70;Channelnya Bu Tini;"Viewnya asyiik...
Air terjun tp langsung laut
Kebanyakan air terjun di gunung naah ini di laut …";Positif
71;Salsalah;Air terjun yang menarik di daerah sampang airnya yang segar bisa digunakan untuk mandi mungkin ya, nyaman untuk wisata tapi kurangnya tempat duduk yang minim;Positif
72;Peby Mulya;Pantai bagus,ada tempat makan,ada air terjun menuju laut;Positif
73;Bayu Al Fahmi;Tempat Air terjun nya tidak terawat masih banyak sampah berserakan.;Positif
74;Ini Zoel (Zulfa Graph);Bagus banget cocok banget buat spot foto, buat nyantai sambil liat laut jg bisa;Positif
75;Citra Kusvianawati S;Tempat ini salah satu andalan destinasi wisata yang ada di Kab. Sampang. Pemandangannya sangat unik ditengah laut kita bisa sekaligus melihat air terjun dari sungai yang ada di Kec. Sakobanah;Positif
76;Andi Brata;Waktu terbaik kesini ketika pasang surut dan BUKAN musim penghujan sehingga airnya tidak keruh.;Negatif
77;Habieb Suryantoe Mbolangers;Lumayan bagus lokasi wisatanya..;Positif
78;khoirul umam;"Bagus..
Air terjun yang langsung ke pantai.. dipoles sedikit sama dikasih spot2 pengambilan foto akan lebih baik..";Positif
79;Adhitya Sanjaya;Sudah di kelola dg baik dan bisa jd rujuan wisata anda. Ini adalah hasil gambar yg sy ambil secara pribadi saat bwrkunjung kesini;Positif
80;jelajah sumenep;Air terjun yg langsung bermuara di laut,  untuk kesini bisa menghubungi kami..;Positif
81;Haryo Dwito Armono;Hanya 2,5 jam dari Surabaya, leat jalur pantura Madura, jalan beraspal halus dan bagus. Sangat dekat dan bagus sekali. Jangan berenang dan mandi disana. Berbahaya, Foto-foto dan lihat2 saja, Bagus, ada cafe, musholla, kamar mandi. Parkir …;Positif
82;Deddy Uno;Terpantau masih seperti dulu ?? …;Negatif
83;20-191 Rama priyadi;Airnya terjunnya yang indah, dan juga pemandangan lautnya yang baguss, pokoknya gak nyesel kalo kesana;Positif
84;Bob Indra;Tempatnya bagus sekali, sekitar 2 jam dari Jembatan Suramadu, melalui kota Bangkalan.;Positif
85;Ainum Mabruroh;Pas kesini aliran air terjunnya deres banget, mungkin karena lagi musim hujan ?? …;Negatif
86;fhyt 3;"Air terjun yg tidak terlalu tinggi. Mengalir langsung ke laut.
Waktu kesana banyak sampah di pinggiran laut
Meski demikian semoga tetap mendapatkan barokah dari wali yg ada sana?? …";Negatif
87;Abdul Rachman;Tempat yg nyaman buat menikmati sunset;Positif
88;Bulan Syurga;Cocok sebagai tempat refreshing, piknik, atau tour bersama keluarga.;Positif
89;Wisri Zanuar;Lokasi mudah dijangkau dgn pemandangan yang sangat indah.;Positif
90;Linda eLDe;Good scenery,air terjun yg langsung bermuara ke laut,gag bakal nyesel;Positif
91;Mung Amarindro (Munks mung);Gosok sedikit lagi;Negatif
92;Cupay Christina;air terjun yg cantik. kita bisa menikmati sunset di dekat air terjun;Positif
93;Oktafirda D Carintan;Pemandang cukup bagus dan akses mudah karna berada di tepi jalan;Positif
94;Farid F;Suasana sore yg tdk begitu panas, membuat mata nyaman memandang salah saty ciptaan Allah yg indah;Positif
95;ariyoena samitsa;Air nya hijau ke biruan bagus... jangan sampe dikotori ya... supaya tetep bagus;Positif
96;Nurhayati;Pertama kali kesini, panas sih. Tapi terbayarkan sama air terjun yang menghadap laut lepas;Positif
97;Andika Bayangkara;Satu satunya air terjun di madura yang airnya terjun dari sungai langsung ke laut...bagus banget...kulinernya  mantap...yg recomended ikan bakar kembung maknyus;Positif
98;Prasetyo Hadi;"Bagus.
Cuman kurang bersih lingkungan sekitar.";Positif
99;Imtiyaz Nurul Q;It's okay. Banyak spot2 foto diatas, di bagian bawah air terjun spot foto terbatas.;Positif
100;Garuda Indonesia;Indahnya luar biasa dan sangat istimewa dari air terjunnya;Positif
101;abu dzakiy;bagus potensi alamnya tapi pengololaannya belum maksimal mungkin dikarenakan masih berbasis mandiri;Negatif
102;Tatang Decoration;Seru banget.... Sangat memicu adrenaline apalagi saat ambil gambar dr atas air terjunnya...;Positif
103;DINASTY;Tempat parkir luas. Air terjun alami;Positif
104;Nor Khakim;Bagus, air terjun dg pantai.. Apik kalo air terjun nya ndak begitu deras, dan pantai agak surut.;Positif
105;Kurniadi Wijaya;"Tempat Yang Indah....??????
Tapi Kebersihan Sedikit Perlu/Kurang Terjaga...?????? …";Negatif
106;Muhammad Syaifuddin;"Lokasi.x dipinggir jalan jd gampang dicarinya.
Bs jd tempat singgah bentar menikmati suasana air terjun yang jatuh ditepi pantai.";Positif
107;selly maghfiroh;kesini waktu air keruh dan musim hujan, kalau volume airnya naik sangat menakutkan.;Negatif
108;Firman Hidayat;Pemandangan alam bagus dan murah meriah,pas bnget bagi anda yg lg liburan di madura;Positif
109;riva nq;Bagusss sekali... tapi tetap hal yang perlu di perbaiki adalah sampah.. mari kurangi penggunaan plastik. Thanks;Negatif
110;shohibul ilmi;"Sekarang parkir sudah luas...
Kalau kesini mending sore...senja sore sungguh pemandangan nya";Positif
111;a nurul hadi;Salah satu keunikannya adalah air terjun yang langsung mengalir ke laut sehingga keindahannya sangat memanjakan mata. salah satu tempat wisata unit andalan kabupaten sampang madura, jarang ditemui di tempat lain;Positif
112;alex hidayatulloh;Kalau kesini pas musim kemarau saja. Biar tidak licin.;Positif
113;Nur Hayati;Tempat santai bersama  kelurga dan kerabat. Dengan nuasa alam yang sangat indah dipandang..;Positif
114;Ola Christine Official;Tempat wisata dg panorama dan pemandanganyg sangat indah ... air terjun yg bermuara tepat dibibir pantai utara pulau madura sangat cocok utk tujuan wisata keluarga ?????? …;Positif
115;Edi Lung;Pastikan klo mo kesini pas air lgi pasang, lebih keren.;Positif
116;hanin alhinduan;Tempat yg tenang indah cocok buat couple hehehe bawa keluarga liburan disini sama ikan bakar indahnya dunia ini;Positif
117;Nugraha Fahlevi;PENGELOLA TEMPAT WISATA NYA RAMAH. TEMPATNYA SEJUK.;Positif
118;sam joss;Pemandangan yang bagus untuk santai dengan keluarga;Positif
119;Awik Baidawi;Air terjun yang langsung jatuh ke pantai.;Positif
120;Edo Setyo;air terjun yang langsung turun ke laut luas;Positif
121;Khadijah Faqih;Tempat wisata yang sangat bagus berada di pantai utara madura;Positif
122;Zhafir Al-farezel;"Pengambilan Foto
Dari Wisata Air Terjun Toroan???? …";Positif
123;ISMA WATI;Tempat bagus buat spot foto2 pinggir laut, ada air terjun. Bersih dan dilengkapi dengan tempat makan. Karcis juga murah cuma 5k.;Positif
124;Amrulloh 33;Tempatnya bagus sekali,Sangat menarik untuk dikunjungi wisatawan;Positif
125;Jajak Sekitar;Berdasarkan hasil wawancara kepada warga sekitar, Air Terjun Toroan menyimpan kisah tentang suami istri yang sama sakti antara Sayyid Abdullah dan Siti Marwah yang kini menjadi Buju' Panyeppen (sang istri) dan Makam Tinggi (sang suami). …;Positif
126;Tri Edy Sigit Pramono;"Tiket masuk murah sekali hanya 5 ribu saja, pantai bagus, air terjun juga manambah panoroma yg langka..biasanya jarang ada air terjung dekat pantai cuma kisaran 50m..dari pantai, dan pantai banyak batu karang; bagus untuk selfi..";Positif
127;Shoby Zayzavona;Tanpa tiket masuk hanya bayar parkir, afa kulinernya juga;Positif
128;Wisnu Kinx;Air Terjun yg indah...lgs ke laut...lengkap dgn fasilitas Rumah Makan Lesehan...;Positif
129;Husnul Ika Safitri;Karen, Air Terjun langsung nyatu dengan  Laut.;Positif
130;Hadistria M;Sangat bagus dan  cuma bayar parkir 5k;Positif
131;anton suharto;Lokasi yg terjangkau dr area parkir n nyaman utk keluarga;Positif
132;edy trirahmady;ajibbbb...pantai dgn air terjun;Positif
133;Achmad Sudahri;Sangat indah, dan cocok banget bagi para wisatawan yang ingin memanjakan mata untuk melihat pemandangan yang sangat indah, karena air terjunnya beda bukan di pegunungan tapi di tepi pantai.;Positif
134;Abbu 1234;enak buat tempat istirahat sebentar,trus pemandanganx lumayan bagus dan murah meriah,,,?????? …;Positif
135;Rika Rahmania;Karna tempat nya bagus indah dan memuaakan;Positif
136;Humaidi depadeh;Kurang baik pengelola lokasi;Negatif
137;indi ra;Air terjun langsung mengarah ke laut;Positif
138;basuki mohamad;Tempat nya bagus ... Air terjun yang langsung kelaut.;Positif
139;Donny AZHAR;Tempat makan ikan bakar yang enak di pinggir jalan dan menghadap ke pantai;Positif
140;Olievia P Mulyana;Wisata alam yang dikelola secara alami oleh warga sekitar. Lokasinya dipinggir jalan dengan pentunjuk yang mudah terlihat. Air terjun ini langsung menuju laut jadi untuk foto kita harus menuruni tangga menuju pinggir laut jadi apabila …;Positif
141;Fatin Susanna;Masih perlu pembenahan disana sini utk memudahkan pengunjung menuju sekitar lokasi tp setiap kesini selalu ada kemajuan;Positif
142;ainur sdrj;Tempatnya bagus parkir luas;Positif
143;Ines Kum;Air terjunnya bagus, langsung turun ke laut, pemandangannya jadi double yaitu air terjun dan laut, kita juga bisa naik sehingga bisa berada di atas air terjunnya. tempat parkirnya jg luas jd gak perlu khawatir jika kesana menggunakan mobil;Positif
144;Nurul Azizah;tempatnya bagus...cocok untuk wisata keluarga;Positif
145;rusdi zulkarnain;Air Terjun Toroan di pinggir laut utara Pulau Madura dekat kota kecil Ketapang Kabupaten Sampang. …;Positif
146;Raditya Hendra Pratama;"Air terjun dan tempat wisata yang sangat indah yang ada di pulau Madura bagian utara.
Meskipun tempatnya tidak besar tapi cukup untuk menarik wisatawan untuk berfoto …";Positif
147;Bambang Mtx;Tempat yang bagus dan indah;Positif
148;Rahmat Syarief;Wajib lihat tuk dukung destinasi wisata alam kota sampang, ayoo main kesana;Positif
149;M Kholis;Sungguh indah cinptaan MU Ya Allah;Positif
150;IMAMUDDIN AP;Sunset nya yang menawan sangat dinantikan, lokasinya yang dekat dengan jalan raya memudahkan kita untuk menjangkaunya. Kurang lebih 50km dari jembatan Suramadu, jadi persiapan perbekalan dan fisik karena perjalanan yang cukup lama. Waktu …;Positif
151;Rendra Dwi;Pemandangannya bagus, cocok buat spot foto;Positif
152;SILA BUTIK BATIK;Pilihan piknik murah meriah;Positif
153;Rizal Sarluf;Bagus viewnya, hanya saja tulisan Toroan nya yg dibuat terlalu dekat dengan air terjun, untuj fotografer yg ingin capture air terjun jadi terganggu dengan icon tulisan itu, toilet tersedia;Positif
154;Zhela Aspriela (Zh/A);Rame disini, kalo cari kulineran disini banyak. Tapi seru kalo ke air terjunnya, kalo lagi pasang kayaknya sangat engga disarankan untuk mandi di air terjunnya. Cukup bayar parkir kendaraan disini. Lahan parkirnya juga luas bias motor dan mobil, bus pariwisata juga bisa.;Positif
155;Sigit Ardianto;Air terjun di pinggir pantai.. Spot wajib para landscaper longexposure mania;Positif
156;Wiwin RA;Sangat Indah??;Positif
157;Asyam Mulayyan Dary;Harga masuk akal, ikan kerapunya enak;Positif
158;Siti Maulidiyatul;Satu satu air terjun yang ada di sampang madura bagian udara, air terjun ini langsung bermuara ke laut sebut saja laut jawa. Tinggi air terjun ini mungkin sekitar 5-7 meter diatas permukaan air laut. Airny terlihat biru kehijauan tetapi …;Positif
159;Just Skip;Wisata yang cocok buat kalian yang suka foto - foto dan refreshing;Positif
160;Rio Wija (wijapuccino);Air Terjun yang unik karena aliran airnya langsung menuju ke laut. Termasuk wisata 2 in 1 karena selain air terjun kita juga bisa menikmati pantainya. Nilai tambahnya air terjun ini terletak tidak jauh dari jalan raya.;Positif
161;athval athoillaharamadani;Tukang parkirnya malak dengan dalih penitipan helm, helm hilang memang resiko sendiri. Tapi malah diringkes sama tukang parkirnya dan ditaruh pos penitipan. Jadi bayar 2500. Pemalakan dengan modus penitipan paksa. KECEWA;Negatif
162;Jessica Aalya;Mungkin saya datang di waktu yang salah, karena waktu kesana tempatnya tidak sebagus ekspektasi saya. Juga disana tidak disarankan untuk bermain air, sehingga hanya sekedar objek foto saja;Negatif
163;anang susilowanto;Tempat yg cocok untuk bercengkrama dan kuliner bersama keluarga;Positif
164;nur faizal lisanto;Air terjun langsung ke pantai.. menakjubkan.. kereen;Positif
165;Imam safi 1602;Berada di jalur utara pulau madura. Air terjun ini terbentuk dari saluran irigasi sawah warga, jadi tidak di sarankan untuk bermain air di bawah air terjun.Waktu paling baik untuk ke air terjun ini adalah menjelang matahari terbenam karena …;Positif
166;Rachmat Nursutji;Air terjun toroan adalan wisata alam Madura yg sangat bagus, namun masih sangat memerlukan sentuhan tangan pofesional dan investor utk pengembangannya yg lebih bagus lagi.;Positif
167;Eri Ns;Emang tak s alami n sbagus yg dulu tp ttp eksotik n nyaman buat bersantai..tiket masuk 5 rb k lokasi air terjun...;Positif
168;Adinda;baguuss bangett asliiik ky poto kalender kalo pake background air terjun inii, air terjun di samping lautt, masuknya gratis ada tempat makan, ada bbrp spot foto;Positif
169;Lidia Indriyani;Air Terjun Toroan berada dekat tepian jalan raya , sehingga akses untuk kesana mudah dan cepat kalau kita mau turun melihat secara langsung air terjunnya apalagi tepat berada ditepian pantai.Suasananya sangat nyaman dan terasa dingin karena …;Positif
170;edy humaidi;Kennengennah nyaman cellep;Positif
171;Thetutorials 95;Wisata air terjun yg jatohnya lngsung ke pantai.. Jdi kita bisa dpet 2 wisata sekaligus. Waterfall dan pantai.. Parkir mobil 10 rbu.. Tanpa karcis masuk.. Inget tanpa krcis masuk..;Positif
172;Nurul Mustofa;"Tempat foto""nya kurang dan kotor lagi banyak sampah""nya dan sampahnya di bakar, di dekat jalan evaluasi...";Negatif
173;Ilham Afandi;Berada di arah timur Ketapang Daya hampir mendekati Ketapang bagian Timur. Letak geografis yang mumpuni membuat para travellers yang hendak pergi ke air terjun ini menjadi lebih mudah untuk dilalui. Sejalan dengan masyarakat disekitar …;Positif
174;Pojok Berkah;Jika ingin berenang di air terjun Toroan pastikan jangan berenang ke arah pantai. Karena di sini terdapat palung yang sangat dalam. Bahkan, sudah menelan korban, sebab melanggar peraturan yang telah tertulis di area pantai.;Negatif
175;Pejuangnkri;Tempat nya indah dan cocok untuk santai selain air terjun juga berada di tepi pantai tempat ini sangat inda saat menjelang sore karna tempat ini berada di selatan pantai saat sore matahari persis berada di sebelah barat;Positif
176;Nardi Yanto;Lokasinya berada di pinggir jalan, gampang dicari. Free,ga ada HTM, cm bayar parkir aja. Enak buat sekedar berfoto dan santai²an sekeluarga. Lengkap ada warung lesehan, musholla dan parkiran.;Positif
177;Kholid Ibrahim;Destinasi wisata air terjun yg langsung ke laut, lokasi sangat menarik dan recomended banget bersama keluarga tercinta;Positif
178;A. I. R MUMTAZ;Perlu pengelolaan yg lebih baik dari segi fasilitas penunjang lainnya agar pengunjung lebih tertarik karena setelah berkunjung satu kali kalau kondisinya itu itu aja pasti males untuk datang lagi;Positif
179;Ali Muqoddas;air terjun tempat bermain disaat kecil dulu dulu pasirnya masih utuh sekarang di keruk tiap hari yang tersisa hanya batu karang;Positif
180;Gatot Arie;Jangan Pernah Lelah Mencintai IndONEsia;Positif
181;Dear Busri;wisata air terjun yang letaknya di samping jl. Ketapang-Sampang;Positif
182;Mohammad Zafradi Wagiono;Banyak spot foto, tiket masuk hny bayar parkir saja mobil 10rb n motor 5rb ad musholla kecil dan toilet;Positif
183;Sory Cassanova;Tempat dan pemandangannya sungguh bagus;Positif
184;Hartoya Prasetyo;Bagus si tp harus lbh d tingkatkan lagi;Positif
185;Hammada Syarif;Satu-satunya Air Terjun di Kabupaten Sampang, dan Pulau Madura. ada tempat parkirnya, untuk bukanya dari pagi sampai sore, bisa mendirikan tenda. spot sunset dan ada juga yang menjual makanan disana.;Positif
186;cover ar;Air terjun toroan adalah air terjun yg langsung bertemu dengan pantai seandainya penambangan pasir tidak dilakukan pantai toroan dan airterjun nya akan menjadi pariwisata paling bagus di pulau madura tapi sayang kita harus melihat air terjun dan pantai yg sudah habis pasirnya waktu saya sd saya akui pantai toroan paling bagus;Positif
187;Hafidz Odinsyah;Kalo sunset kayaknya lebih bagus;Positif
188;Moch Amin Tian;Bagus dan bersih;Positif
189;Miki Djaya;Akses ke sananya masih susah, syg sekali.. Jalannua jelek dan sempit.. Serta jangan malam2 karena gelap tidak ada lampu;Negatif
190;M Lan (M_Lan97);Bagus sekali;Positif
191;maz echo;Wisata Ait Terjun Toroan Yang Keren di Madura;Positif
192;abdus salam;Tempatnya asyik, alami, akses masuk mudah karena hanya dipinggir jalan...tapi tlg hati-hati untuk yg membawa lansia krn naik turun tangga...kulinernya juga mantab...;Positif
193;Bella Rizqa Idha Ayu;Air terjun toroan merupakan wisata yang wajib dikunjungi untuk para wisatawan, dikarenakan lokasinya yang tidak membahayakan seperti air terjun pada umumnya. Sayangnya air terjun toroan saat ini belum banyak di kenal masyarakat, padahal air terjun toroan sangat menarik. ?? …;Positif
194;Farida kristina dwi Andatu;Tempat wisata yg bagus dan masih alami perlu sedikit lagi sentuhan agar lebih menarik wisatawan;Positif
195;Echa Ayesha;Harusnya bisa lebih bagus & menarik sayangnya banyak sampah di pantai & air terjunnya;Negatif
196;Fuady Bahari;Salah satuari terjun di madura, berada di pesisir pantai utara berjarak ±45 km dari pusat kota sampang. Menawarkan keindahan air terjun setinggi 3m yang langsung bermuara ke laut lepas sampai paparan laut utara yang mempesona sehingga waisatawan dapat menikmati sunrise pada pagi hari dan sunset pada sore hari;Positif
197;Pipit Chiko97;Walopun prjlnn yg sgt jauh gak masalah tmpat ini perlu dikunjungi.. Sangat mempesona..air terjun Toroan ini langsung menuju ke laut... Pokoknya karunia Allah sangat luat biasa sempurna..;Positif
198;febriyans -;Tempatnya lumayan bagus, cocok banget untuk foto long exposure, rekomendasi waktu terbaik yaitu sore;Positif
199;Yun Iyan;Pantai yang ada air terjunnya...bagus banget pokoknya ?????? …;Positif
200;Joan Atma Gunawan;Destinasi wisata nya bagus banged...tapi mohon hati hati y guys...di tempat ini pengunjung tidak di perbolehkan mandi...alasannya untuk menjaga alamnya tetap utuh dan bagus...selamat berkunjung.;Positif
201;Irfan Afandi;Tempat terbaik buat sunrise sunset;Positif
202;Arga Fabian;Saya kira bakal bagus gimana. jalan tak terawat. sarana foto pada venue hanya sebuah jembatan buatan kecil. dengan latar belakang ibu-ibu yang sedang mandi dan mencuci ???? …;Negatif
203;Nasrullah;Tempat wisata yang bagus, bersih dan masih terkoordiner dengan baik;Positif
204;abidizaky;Sekarang untuk tempat parkir dan rute ke toroan sudah gampang;Positif
205;Fakhrur Amin;Air terjun yang langsng turun ke laut;Positif
206;Silatur Rochman;Pemandangan eksotis pinggir laut;Positif
207;Dibyus Diby;Masukkan dalam daftar kunjungan anda bila ke Madura. Sangat jarang ada air terjun langsung ke laut. bagus sekali di nikmati waktu sore hari sambil menikmati matahari tenggelam. Put it your visiting list when you in Madura. It's very rare …;Positif
208;Tri Bagus Wahyudi;"Air terjun yg menghadap langsung ke Laut....view sunset nya indah sekali
Cek ig kita @tbagusw";Positif
209;Wawan Master;Air terjunnya indah sejuk;Positif
210;pintu ajaib;Lokasinya berada di tepi laut. Merupakan air sungai yang turun langsung ke laut. Saat terbaik melihat air terjun ini adalah sore hari.;Positif
211;TaeKwonDo Kidz;Ga keren.. masih butuh dibersihkan area utk nonton air terjunnya.. baik airnya maupun tumbuhan sekitarnya;Positif
212;sunarto narto;Tempatnya asyik ditepilaut;Positif
213;Danita Gan;Lumayan habis ke bebek sinjai, jalan2 di sini;Positif
214;Faisol Junaidi;Bisa di bilang satu²nya air terjun di pulau madura...???? …;Positif
215;Akhmad Firmansyah;Amazing banget air terjun bertemu langsung dengan laut lepas, dan airnya yang jernih memanjakan mata setiap wisatawan yang hadir;Positif
216;Moh syafiruddin;Air terjun ini merupakan air terjun yang unik, karena pada umumnya air terjun jatuhnya ke sungai, tapi air terjun toroan airnya jatuhnya ke bibir laut atau pantai. Kondisinya pun masih terlihat sangat alami;Positif
217;Hendra Surianta;View air terjun oke, Akses dekat dengan jalan utama, fasilitas cukup oke..;Positif
218;Ismi Sari;Tempatnya dikelola dengan baik... Semoga seterusnya begitu...;Positif
219;didit p;lokasinya yg terpencil dan minim papan petunjuk, butuh google map supaya ga nyasar ...akses jalannya bagus, pemandangan yg indah, kalau ke sini pas tengah hari, panasnya bukan main ...;Positif
220;Dismas Ismanto;Sdh beberapa kali kesini.. Ndak pernah  bosan... Must visit place... Beautiful viewing;Positif
221;dedy bendot;Air terjun kebanggaan masyarakat sampang pada umumnya, dan masyarakat Ketapang pada khususnya. Lokasi sudah mulai banyak perkembangan, sudah terkelola dengan baik.;Positif
222;SSC Reborn Studio;lokasi dan spot alam yg menarik. tp sayang terlihat kumuh dan kotor. seharusnya jd tugas pemerintah setempat untuk mengelola dgn baik.;Negatif
223;arif wahyuono;Bagus banget buat spot foto instagram. Obyeknya bagus & unik;Positif
224;Super Yitno;Tempatnya cukup bagus dan ada cafee dan toilet..;Positif
225;wardah lovers;"Sangat cocok untuk refreshing,
Menghilangkan fikiran tidak tenang akibat dari sibuk bekerja..
Inilah solusi yg pas untuk anda.. …";Positif
226;Ayu Dwi;Rasanya aku ingin jeburan disana wkwk;Positif
227;Achmad Farajallah;Pemandangan indah. Tetapi, sulit parkir dan dukungan rekreasi yg lainnya. Di pantai kiri-kanannya terlihat ada penambangan pasir laut;Positif
228;Pangky Aja;"Akses mudah
Tempat sangat mengesankan
Tapi sayang,karena dipesisir cuaca agak panas …";Negatif
229;Anastasia Wahyu DL;"Ketempai ini pas banjiiir..  Sediiiih... Padahal bagus.. Jadinya ngeri..
Saran aja..  Kesini pas sore hari dan pas nggak musim hujan ya..
Jadi bisa lihat sunset,  air terjun dan pantai sekaligus";Positif
230;Ha Sarwoedi;Tempat yg amat sangat indah dan nyaman ....saudaraku hayo berkunjung tempat ini biaya masuk dan parkir murah meriah;Positif
231;ach choirul;Tempat asyik untuk bersantai bersama keluarga sambil menikmati indahnya deburan ombak dan gemericik air terjun;Positif
232;John Sakera;Tetep suka banget dengan tempat ini;Positif
233;Rista Dinda;Ini air terjun paling bagus, keren banget.. Cocok banget buat ngilangin penat;Positif
234;M. Arif Wardana;Wana Wisata ini Menyuguhkan Sebuah Panorama Pemandangan yang Sangat Indah dan Memuaskan Mata untuk Memandangnya. Pokoknya Nyesel kalau lagi Berkunjung ke Pulau Madura Tidak Mampir Kesini.;Positif
235;Lingga Kurniawan;"tambah baguus...
sudah dikelola masyarakat sekitar.
semoga makin ramai";Positif
236;Danita Rolag;Tempat rekreasi di madura dekat pinggir laut tapi ada air terjunya, masih natural, bagus untuk keluarga;Positif
237;Muhyi S;Panoramanya bagus,  perlu kreativitas utk penambahan area di pantai dan penambahan fasilitas;Positif
238;Faris 25;Suasana alamnya sangat indah karena merupakan perpaduan antara air terjun dengan laut;Positif
239;Lutfi Adjha;Wisata murah dg pemandangan yang indah;Positif
240;Wida Yanti;Airterjun di tepi laut...suatu yang jarang ditemui. Tempat yang mudah dijangkau, karena tidak jauh dari jalan utama. …;Positif
241;Rizqi Puji;air terjunnya kecil warna hijau, kalau sunsetnya top banget si;Positif
242;siti rachimah;Tempatnya nyaman dan indah... Pokoknya gak bikin kita kecewa... ???????????????????????? …;Positif
243;Ikmal Rofahaya M.;Tempat yang cocok untuk ngadem.;Positif
244;Hanan Nuklir Surabaya;Cukup satu kata,.Mantapp...?????? …;Positif
245;Echsan Kasan;Ngopi,nyantai cocok kl kesini;Positif
246;Sukid Skd Skd;Cocok untuk istirahat ngopi dan juga tempatnya indah untu Selfi.;Positif
247;Setio Budi;"Tempat yang menarik!
Anda akan disuguhi tiga pemandangan sekaligus yakni, air terjun, pantai, dan aktivitas masyarakatnya.";Positif
248;Ane Mxcholih;"Air terjunnya masih alami banget, dekat tepi pantai...
Mohon dijaga keasliannya, jangan dikotori oleh sampah";Negatif
249;Miqdad Arrijally;Wisata air terjun tepi pantai yang sejuk, mau siangpun suasana tetap sejuk..;Positif
250;Luluk Latifah;Lumayan,tpi tidak bisa di buat untuk berenang;Positif
251;Ahmad Mahrus;Ada kenangan yang tersimpan disana;Positif
252;Lailatun Nikmah;panorama air terjun langsung ke lautan...menakjubkan utk berfoto ria..hati2 musim hujan batuan jd licin.;Positif
253;BecKitchen TV;Air terjun bagus dan yg perlu di perhatikan kurang luas buat rekreasi;Positif
254;Nikmatul Izza;Cukup bagus, bisa untuk tempat foto prewedding.;Positif
255;Adikenzie Alfaidh;Rugi banget gk kesini kuereeenn..;Positif
256;Arif Wicaksono;lumayan lah;Positif
257;sri bimo adhi yudhono;Bagusnya tdk terduga;Positif
258;ahzai TV;Tempat berlibur yg menyenangkan untuk pasangan dan keluarga dan meikmati air terjun.... yg indah;Positif
259;Rara Pratiwi;Bagus langsung menjorok ke lautan;Positif
260;Muafi Muafi;Hanya saja  tempat nya kurang terawat;Negatif
261;Mift Zaman;Akan terasa lebih indah ketika menjelang matahari terbenam.;Positif
262;Antic 12;Bagus.. Asyik ..banyak bebatuan yg bisa buat duduk2 sambil  main air & buat foto2an;Positif
263;Hedin Hendratarto;Parkir kurang, menuju lokasi air terjun jalannya sangat sempit sehingga berjubel....;Negatif
264;Mahrus Zain;Di keterangan Gratis, pas masuk dikenai tarif tiket 10.000;Negatif
265;Tuan Kuda;Sebaiknya wisata alam biarlah tetap alami, tanpa perlu dibangun ini itu. Bangunan malah bikin rusak;Negatif
266;Jumiya Oke;Ya perlu dimaksimalkan pengelolaannya karena tempat ini sangat bagus sbg anugerah Allah perlu disyukuri;Positif
267;Widjaya 2608;kuliner ikan bakar lesehan mantaapp dan enak, bukber mantap tempatnya;Positif
268;Oonkz Froeza;Air terjun yang indah yang berada di tepi laut sangat bagus untuk yang suka foto-foto;Positif
269;Alfarizy Ajha;Air terjun-nya bagus dan enak buat selfi, Pantai-nya juga sangat bagus suasananya juga mendukung.;Positif
270;welly martinus;Indah, asri, pemandangan laut yang menyegarkan, air terjun langsung menuju ke laut, luar biasa indah;Positif
271;Samsul Arifin;Tempatnya bagus ???? …;Positif
272;Hari yadi;Air Terjun Toroan  di Desa Ketapang, Kecamatan Ketapang, Kabupaten Sampang dekat Jl. Raya dan pantai utara Sampang. Parkir motor dan mobil luas;Positif
273;aditya wicaksono;Lumayan buat refreshing. Tapi naik turun tangga menuju spotnya cukup menguras tenaga haha..;Positif
274;Dicky 2ndPart;Sangat memuaskan...view g kalah sama bali;Positif
275;Herida Madaya;Kenangan masa sma dulu..saat masih natural tak terjamah;Positif
276;Fausi Amiin;di sini kita menikmati keindahan alam berupa pantai dah air terjun dalam satu destinasi;Positif
277;Ibnu Ibnu;Suasana air terjun di pulau garam Madura kecamatan Ketapang kabupaten Sampang Jawa timur;Positif
278;Hobiburrohman Arrohman;Sangat senanng dan bahagia;Positif
279;Damairi Usman;Mungkin ini air terjun satu2nya di madura. Asik juga sih pemandangannya karna air terjunnya di tepi pantai... ???????? …;Positif
280;Erha Agustina;Datanglah saat pagi air laut belum pasang, airnya bening karang terlihat;Positif
281;Fasta Awdesy;Tempat nya bagus;Positif
282;Idruz Vayruz;Air terjun langsung ke pantai satu satunya di daerah madura.. dan merupakan destinasi wisata yg ckup langka.;Positif
283;hadnys setyo;Tempatnya indah.. Masih cukup bersih.. Tempat yg tepat utk menikmati sunset di pulau madura..;Positif
284;Syakir Ali;"Kecewa dengan pemandangannya, mungkin karena saya datang di siang hari.

Mungkin akan lebih bagus pemandangannya ketika sunset atau sunraise";Positif
285;Imam Geniuez;Menurut saya cakep banget klo sore pemandangan nya sangat mendukung sekali;Positif
286;Ach.farhan Ramadhan;Lokasi wisata yg masih perawan,perlu sentuhan seniman agar kedepan lebih baik;Negatif
287;Juhriyanto;Sangat cocok untuk Refresing;Positif
288;Fifi Raidatul Hasanah;Kurang memuaskan, pelayanan kurang , parkir masih kena mahal.;Negatif
289;ilham riskiyanto;Tempat bagus kita bisa lihat AIR terjun yang bisa langsung ke laut...keren;Positif
290;Amar Amhar;"Cantik ... eksotis
Air terjun air tawar langsung didepan ombak pantai...";Positif
291;Dyfandio Daffa;Keren, air terjun langsung k laut Jawa;Positif
292;renita agustiana;Bagus tempatnya.... pinter2 ambil spot foto aja...;Positif
293;Just Archive;Kopi rempah nya enak;Positif
294;Diita Gembul;salah satu icon wisata yg ada di Ketapang Sampang tempatnya yg nyaman untuk bersantai;Positif
295;Rahmat Mashuri;smakin berkembang mnjadi wisata pilihan muda mudi;Positif
296;DWIKI PRAWITA;mantap;Positif
297;Budi Asisi;"Nampak beberapa nelayan dan pemancing
Ada tulisan dilarang mandi?? di air terjun …";Negatif
298;Indra Mahendra;Air terjunnya keren deket laut tinggal dijaga dengan baik;Positif
299;Heri Purnomo;Bagus dan di tepi jalan raya, sayang airnya kotor campur sampah dan cokelat;Negatif
300;Jufriadi;Karena tempat ini sangata unik dan menarik  dari pada air terjun yang pernah saya jumpai di madura;Positif
301;Alfiyah Nada Trianah;Air terjun yang langsung mengalir ke lautan dipadu dengan sunset yang indah, luar biasa.;Positif
302;Afandy Achmad;Keindahan air terjun yang mengalirr , so beautyfull;Positif
303;Heru Winarno;Ada Cafe nya yg bisa menikmati semilir angin laut;Positif
304;anggie crazyangel77;Alhandulillah ke sana pas september 2015 , walaupun musim kemarau tapi airnya jernih dan kondisi bersih.;Positif
305;Susmiari S. Pd;Air terjun menuju laut..  Cipratan jatuhnya air... Sejuk..;Positif
306;Yusron Surya Pranata;Air Terjun Toroan berada di Ketapang Sampang Madura. Bagus banget pemandangan nya;Positif
307;satrya tama;Bagi pecinta alam cocok ya,tapi kalau habis hujan harap hati hati?? …;Positif
308;rayda zean;Good place untuk liburan family yah. Recommended buat wisata yang satu ini;Positif
309;Labisun Labisun;Pemandangannya enak sejuk di rasakannya;Positif
310;Ardian malang;Lumayan bagus.....;Positif
311;Vida Brail;Lumayan,jln menuju air terjunnya agak licin;Positif
312;Peter Amirtha;Pemandangan bagus dan ada tempat makannya cukup enak..;Positif
313;Abdul Rohim;"Fasilitas parkir ok.
Airnya kotor.
Logistik tak ada";Negatif
314;Aas Ridwan (Aak);refreshing with orang2 kantor dan keluarga;Positif
315;enny herawati;Bagus untuk dikunjungi;Positif
316;Maya Sari;Air terjun di wilayah Sampang Madura yg langsung bermuara di laut utara Madura;Positif
317;Raditiyo Mirza Afiansyah;Bagus air terjunnya langsung turun ke pantai/ laut;Positif
318;Eni Rosita;Baru kali ini aku melihat air terjun langsung kelaut....takjub;Positif
319;Theresya Beatriz;Wisatanya kurang dirawat. Tidak bersih.  Cenderung biasa saja.  Jika kesini disarankan pagi hari saja;Negatif
320;Hairin Maliu;Bagus musim kemarau airnya bening;Positif
321;Adhi sucipto;Pemandangan Air Terjun Toroan Bagus sekali dan pakiranya luas saya senang sekali;Positif
322;Andre Rean;Mantap kan bro :v;Positif
323;Priyono Azis;Pemandangan yg sangat menakjubkan air terjun jatuhnya ke pantai;Positif
324;IZMUREEAN;Tempat mudah terjangkau, mungkin kalau lebih bersih sedikit pasti nyaman;Positif
325;Golek Duit Channel;Bagus;Positif
326;abdul kholik;"Ada bbrapa spot yg kurang terawat,
Toilet lebih2..";Positif
327;Adi Aja;Air terjun toroan seruuuu....?? …;Positif
328;Arga Fabian;kurang terawat, fasilitas minim. jarak toilet dengan venue lumayan jauh.;Negatif
329;Aris;bagus sejuk tempatnya;Positif
330;Brad Setiawan86;keren destinasinya .. dan gak ada tiket masuk ... kulinernya murah bangeeet;Positif
331;HN Indra;Air terjunnya langsung k laut mantab deh pokoknya;Positif
332;Nury Damwijk;Pemandangannya sangat bagus. Air terjunnya  tinggiiiiiii;Positif
333;qom 325;Untuk yg ska wisata air terjun+ pantai bisa di coba ke sne;Positif
334;Rizal Efendi;Tapi pas nyeremnya lagi hujan batu dan jalannya licin sekali;Positif
335;Safik Gio;Tempat ini sangat sejuk dan nyaman dan wahananya sangat menyenangkan;Positif
336;Dicky Iwan Setyawan;Natural, indah apalagi kalau diwaktu Sunset atau sunrise dimusim kemarau;Positif
337;Ali Hamzah;Air terjun di jalur pantura jawab, tepat berada di pinggir pantai;Positif
338;KARIM- DARSILO;Sangat senang;Positif
339;Taufik Hidayat;Pemandangan alam lumayan indah di air terjun titian ketapang;Positif
340;achmad alwy;klo musim hujan kurang bagus air nya g jerni .....;Negatif
341;Shevia Fernanda;Pemandangannya bagus dan tidak dikenakan biaya saat masuk;Positif
342;joe vandoel;Indah air terjun yg berbatasan langsung dgn Laut;Positif
343;Soegiarto Soegiarto;Air Terjun yang indah yg airnya langsung ke laut, lokasi ketapang sampang madura;Positif
344;Mazz Bakirz;Karna tempatnya sejuk dan bagus Untuk menenangkan fikiran;Positif
345;Darmo Suwoko Wibisono;Air terjun nya kotor & berwarna coklat ???? …;Negatif
346;Dinda Daa;Spot fotonya diperbanyak biar ga bosen;Positif
347;rifmi utami;Amazing place...bagus untuk tadabur alam, tp tdk untuk mandi...;Positif
348;Bambang Hariyanto;Tempat yg indah dngan pemandangan laut yg luas.....;Positif
349;yonas setiawan;Kebetulan laut sedang pasang . Jadi tidak bisa mendapatkan foto yang baik.;Positif
350;Siens Harianto;Indah,,,;Positif
351;Kaka Uben;Sangat tepat untuk beristirahat dan pemandangan alamnya sangat indah;Positif
352;Ummi Syafira;Bagus, yg pasti tempatnya sejuk dong;Positif
353;Agus salim;Nyaman enak;Positif
354;Ab za Ab;"Tidak seperti awal opening...
Dan sampah berserakan";Negatif
355;COMET RNR PLURBALINGGA;Pemandangan yg menghipnotis mata akan keindahan alam;Positif
356;kharis putra;Siip;Positif
357;Miftahur Rohman;pemandangan pantai yang indah;Positif
358;Alfan Isubahry;suasana alamnya masih asri;Positif
359;Helmy Afrul;Obyek foto yang ciamik ?????? …;Positif
360;Awi Frilian;Wisata air terjun turoan;Positif
361;Galih Wijaya;Tujuan wisata yg lumayan searah dg pantai nepah;Positif
362;Aynta Rimahim;Bagus banget aku suka??pengen liburan ke madura lagi bareng keluarga …;Positif
363;Teguh Firmanudin;Kurang di kelola dengan baik sayang sekali;Negatif
364;M. Abdi Annur;Bagus sekali;Positif
365;Abdul faidh Zinnun al mishri;Bagus sih cuma kurangnya sarana yg mendukung;Positif
366;Fefa Ariba;Destinasi wisata air terjun di pinggir pantai utara kabupaten sampang;Positif
367;Saiful jabejo;Mantap;Positif
368;Ri zal;Menakjubkan;Positif
369;Wawan Setyawan;View buat selpie ok banget;Positif
370;MA Syahru dn;Lumayan;Positif
371;Novi Wahyu;Airnya kotor dan sangat deras jika musim hujan;Negatif
372;Mohammad Hasan;Bagus;Positif
373;Derid 1212;"Amazing
Air terjun yang jatuh langsung ke laut
??????
Wonderful …";Positif
374;Fajar Dwi;Air terjun tepi pantai . Yg begitu indah . .;Positif
375;Alfan Nur Azizi;Pemandangan pantai yang berpadu dengan air terjun...;Positif
376;Icank Icank;Pemandangan yg amat indah;Positif
377;Arif Y;Bagus view photo karena langsung turun ke laut;Positif
378;Arisusanti 490;Lumayan jauh tempat'e,,,,;Negatif
379;Bieng Soecahya;view nya ok, cuma kotor dan kurang terawat;Negatif
380;Yayan Siregar;Kereenn;Positif
381;Dent mrrengiz Dani Dorez 217;Pemandangannya indah sekali?? …;Positif
382;Penjelajah Channel Sampah;Objek wisata yg sangat keren;Positif
383;Agil;Sangat damai suasananya sejuk pemandangan;Positif
384;Wepa Jupiter;Sangat seruu;Positif
385;Tri Sukowibowo Koko;Bagus, lebih bagus lagi kalau dikelola dan dibangun.;Positif
386;Ferri Indra;Bagus pemandangan nya;Positif
387;Siti Yanti;Eksotik..;Positif
388;Billionaire Preneur;Masih alami & bersih;Positif
389;Anisa Fitri;Tempat ini bagus dan juga memberiku kenangan indah yang tak terlupakan;Positif
390;Abdur Tiara;Air tarjun sangat Bagus aku suda Sampaii kesana..;Positif
391;Arifin Suqpin;pemandangan lautnya jg bagus;Positif
392;Utaru Cahyo;Kalau musim hujan airnya kotor dan deras;Negatif
393;Fandi Far;Mudah menemukan lokasi yang diinginkan;Positif
394;Mas Jali;Sungguh indahnya melihat air terjun ini;Positif
395;sodiq ibrohim;Lumayan bagus;Positif
396;pay ical;Recomended;Positif
397;Rafael Denius;Kepengen ke air terjun tpi gc tau tempat nya;Positif
398;Dussakur;Parkirannya kemahalan;Negatif
399;Adi Wardiyanto;"Mantap, sejuk dan indah
Oke la pokoknya...";Positif
400;Soni Hartono;Berbeda dari air terjun yg lain!;Positif
401;Maria Hani;Keindahan darimu Tuhan, terimakasih semoga kami bisa menjaganya;Positif
402;siti salicha;Air terjunnya sangat indah...;Positif
403;Moch Chodri;"Tmpatnya yg alami,,,
Bagus buat hunting..?? …";Positif
404;Dicky Iwan Setiawan;Lokasinya mudah dijangkau,  tidak ada tiket masuk;Positif
405;Zuliani Dalimunthe;Air terjun yang airnya bermuara ke laut...;Positif
406;Marsuqy Sauqy;Sulit ada air terjun jatuhnya ke laut;Positif
407;mux mux;tempatnya nyaman, mudah dijangkau;Positif
408;Sal Sali;Bagus kalo lagi bening airnya .... ?? …;Positif
409;Avid Anjala;air terjun yang menarik langsung ke pantai;Positif
410;Agus Salim;Panorama yg elok cocok buat rekreasi keluarga;Positif
411;Abdul Asis;Baik untuk penelitian ...!;Positif
412;Agus Cahyono;Air terjunx bagus indah langsung turun ke laut;Positif
413;Azmi Mamee;Tempat bagus si,  tapi kurang terawat;Negatif
414;Timoty Johan;Kotor, kebersihan area tidak dijaga;Negatif
415;Ainul Anwar;Lumayan keren;Positif
416;Jucky Lucky;Karena aku tak mau lagi pergi kesana lagi disana sudah banyak makan korban;Negatif
417;Erwin Brewok;Wisata air terjun yg ada d Madura;Positif
418;Hafidzah Talitha Arifin;Sy di Terminal sampang, arah air terjun Tiruan ke mana ya? Bantu dong;Positif
419;Gusti Ard;Air terjun alami yang jernih jatuh ke laut;Positif
420;AL Makki;Tempat nya kotor, dan sempit;Negatif
421;Rofiq;tempatnya ok,,walau agak terpencil tapi mudah di jangkau;Positif
422;Didik Suhariyan;Keren;Positif
423;Moh Idris;Pengen kesini lagi soalnya udah lebih mantep....;Positif
424;Romzatul W;Bagus gratis;Positif
425;Dody Ajay;Luas sekali lautnya;Positif
426;family time;Jalan raya menuju tempatnya sempit;Negatif
427;Raden Budiarta;Tmptnya lumayan ok....view ok;Positif
428;Umam Shof;Mamtaap jooss g rugi trip ke sini;Positif
429;Ronny Hidayat;Biasa saja;Negatif
430;Dedyk Suntoro Atmojo;nice place.. bisa buat preweding;Positif
431;Suharyono Eko Prasetyo;Air terjun langsung ke laut lepas...;Positif
432;Hoirul Anwar;Indah;Positif
433;Yusuf Ibrahim;View-nya bagus... Apalagi sunsetnya;Positif
434;Itb Rony;Ok banget;Positif
435;Ika Fitria Rahma;gilasih, sunsetnyaa parah abiss ehe;Positif
436;Mustafa Tajuddin;Akses ke air terjun kurang enak;Negatif
437;Ridwan Ar;mantap;Positif
438;kang SAMY;Beda sama yg di foto...  Kotor sekali..;Negatif
439;Abil Malik;Perlu penataan ulang,hingga menambah keajaiban;Negatif
440;Amirullah Rahman;rekomandasi tempat liburan;Positif
441;Alya Jasmien;Tempatnya bagus;Positif
442;wahyou cahyono;Bagus;Positif
443;B channel;Datang pas air pasang, jd kurang bagus;Negatif
444;Yuni _Ayu;"Murah meriah
Malah kadang gratis";Positif
445;Husyaimah Ima;Intinya Suka Banget Sama Air Terjun Itu ???? …;Positif
446;Yudi Kiswanto;Air terjunnya cukup indah;Positif
447;Tuan Amos;Biasa aja..dilarang nyemplung berenang;Negatif
448;Ahmad Puji;Air nya dingin seger banget;Positif
449;Happy Tour Surabaya;Bagus tapi kadang airnya sangat keruh;Positif
450;eksa avanda mukti;Salah satu Tempat Keren di Madura. deket Laut dan jalan Aspal juga;Positif
451;Andri Bahtiar;Sesuai;Positif
452;Ars Ns;Bagus indah masuknya cuman 10000;Positif
453;Rahasdita Reo Hansdoko;Sangat bagus, sejuk dan dingin...;Positif
454;Mahendra's Family;Bagus tapi maaf tidak sempat ambil foto;Positif
455;William Patrick;Bagus,  tpi sayang kurang kerawat;Positif
456;Aliefun Remos;"Bagus.. g' kecewa jauh"" kesana...";Positif
457;her sugiono;Pemandangannya keren mekanannya enak;Positif
458;Otnay91;Lokasinya cukup jauh, tapi lumayan indah;Positif
459;Achmad Yulian;airnya bersih dan bagus banget;Positif
460;Markaz Channel;Airnya bening dan suasananya sejuk;Positif
461;Mrs. VE;Pemandangan indah, butuh sentuhan tangan pemangku kekuasaan;Positif
462;Mask of Smiling;Ada toiletnya...ada musholanya..;Positif
463;hairul umam;Airnya jernih banget :);Positif
464;Hyper Sony;bagus . recom lah;Positif
465;Sholichul Hadi;Air terjun langsung kelaut;Positif
466;Machrita N.I.;Air terjun yang cocok untuk short vacation;Positif
467;Fadol Labo Labo;Soal nya Satu2 nya air turjun di madura;Positif
468;Fajar anugerah;Banyak nyamuk;Negatif
469;shole huddin;Bagus;Positif
470;Risky Putra;Mantp air terjun pinggir pantai;Positif
471;Ardik Wijayanto;Bagus, air terjun ke pantai;Positif
472;Hafiluddin;Tempatnya sangat bagus,;Positif
473;Afiq R. Official;Lebih di tingkatkan lagi pemeliharaannya.;Negatif
474;angga apache;Mencari sunset..;Positif
475;Koko Traveler sejati;Lumayan bagus;Positif
476;Lisa DA;Pemandangan air terjun bagus;Positif
477;Yudhi;Air terjun yang langsung jatuh ke laut;Positif
478;Ali Yusuf;Parkirnya Luas viewnya mantap;Positif
479;Pak Iqbal;Tempatnya bagus buat kesehatan;Positif
480;Gus Bayu;Dua bintang dulu,lihat my cennel youtube;Positif
481;Maulana Memen;"Tempatx indah,,,
Akses menuju kesana jg mudah.";Positif
482;Richo M Reza;Tempat buat bengong;Negatif
483;Chusni Mubarok;Air terjun langsung pinggir pantai;Positif
484;Achmad Suryono;tempat wisata pantai yang bagus;Positif
485;Zain Zikakito;Bagus pemandangannya;Positif
486;Muhammad Nefil;Air terjun yg indah;Positif
487;ROHIL AUDIO OFFICIAL;Air terjunnya indah;Positif
488;sam adhi;adem;Positif
489;exgen 934;Air terjun di padu sama laut;Positif
490;Frame8 Photoworks;Cakep pada bulan 2 tertentu saja;Positif
491;Rahmat Rahmat;Indanya pemandangan nya;Positif
492;Siti Nurul;Bagus....cma sedikit seram..;Positif
493;Eko Mustiyono;lumayan, cuma kurang tertata dengan baik;Negatif
494;Fakhrur Rozi;Indah;Positif
495;Gaya Reload;Lokasi Aman dan bersahabat;Positif
496;Sri Wahyuni;Wisata murah meriah;Positif
497;Amin Oziel;Lumayan lah;Positif
498;Uzh Madury;Alamiah banget. Pas buat suasana wekend;Positif
499;Anton Siswanto;Sungguh bagus banget;Positif
500;Nia Happy-Happy Official;Bagus sayang jauh;Positif
501;Edwin Ardiansah;Tempat bagus buat foto2;Positif
502;Jienz Ed;Masih bnyak sampah yg berserakan;Negatif
503;Aris W;Masih bisa digarap lebih bagus lg;Positif
504;Ita Purwanti;Kereeennn abiiizzz... Pengen kesana lagi...;Positif
505;Afida Anakmami;Niagara KW ???? …;Positif
506;Iqbal K Sukasdi;Parkir mobil enggak ada;Positif
507;Shobry Aly muhgni;Indah sekali;Positif
508;Heri Purnomo;Perlu sentuhan lagi agar lebih bersih;Positif
509;Ar Man;Gelombang lautnya lumayan besar;Negatif
510;idexpress ketapang;Semoga terus berkembang;Positif
511;Nukman Ae Cak Man;Bagus dan murah tiket ny;Positif
512;kholil ahmad;Salah satu destinasi wisata d Sampang, Madura;Positif
513;abdul qodir;Alternatif wisata pantura;Positif
514;ALI ARIFIN;Tempat lumayan bersih dan nyaman;Positif
515;Dito Erlangga;Rugi saya datang saat sedang keruh;Negatif
516;Cak Nanang Oi Nanang Oi Pribumi;Bagus gak nyesel main kgesini;Positif
517;Evi Kitty;Penasarannn... Gak pernah nyampek kesana;Positif
518;Micro Security System;Adem;Positif
519;Rahmat Dandi;Bagus untuk spot foto.;Positif
520;Roberto Lilik;Bersih dan tenang...mudah dijangkau;Positif
521;Wawie Erorr;Bagus udaranya seger;Positif
522;Abu Nayeef;Good pemandangan nya;Positif
523;Sugeng Candra Kirana;Kotor kurang bersih tempatnya....;Negatif
524;Saiful Anam;Air terjun Toroan Memang Mantap;Positif
525;arifin yazid channel;Bagus untuk ber wisata;Positif
526;Lets Do It;Kurang terawat;Negatif
527;Reno official;Wisata ini tetangga saya;Positif
528;yudi rosadi;Indah sekali, tidak akan menyesal ?? …;Positif
529;GRACIA SALON;Bagus oke;Positif
530;Raqi Zidan;tempatnya bersihdan rapi amazing;Positif
531;frandik us (prandik);airnya kurang bersih;Negatif
532;Rozi Planner;Bagus tempatnya;Positif
533;lilis maratus;Tempat ini nyaman untuk berwisata;Positif
534;ongko wijoyo;Sejuk, masih alami;Positif
535;Maz Nazir;Ditambah  pelestariannya;Positif
536;Tania P Putri;Tak sebagus di foto;Negatif
537;Zainur Ridho;Keren Pokoknya... ?? …;Positif
538;Mohamad Dimyati Yusuf;lokasi terlihat dr jalan raya;Positif
539;Sengkok Romli;Temapatnya indah dan sangat strategis;Positif
540;Ridoi Ozora;Bisakah mobil masuk;Positif
541;Arief Suherman;Menyenangkan;Positif
542;Cak Ardy;Indah Air terjunnya;Positif
543;Rosis Zeini;Mantap;Positif
544;Aiinie Nozya;Tenang . Sepi;Positif
545;Farisa Geosany;Tdk seindah sprti gambarnya;Negatif
546;Iis Hariyanti Yanti;Saya suka pantai,;Positif
547;Nur Hidayat;Akses mudah,,, lokasi di pinggir jln;Positif
548;Syaiful Bahri;Suasanax Indah menyenangkan;Positif
549;Alwi Sihab;Air terjun yg terindah di madura;Positif
550;Prasetyo Adi;Sederhana.... Natural.... Tapi exotic;Positif
551;Achmad Ubaidillah;Lumayan;Positif
552;beejoe Tujuhkosongtiga;Masih belum kesampaian pngen ksana;Positif
553;Fazaarez;Keren cuy;Positif
554;Rudy Purwana;View laut yg cantik;Positif
555;Laily Widya;Sayangnya pas banjir :');Negatif
556;Murdi;Akses yang sangat mudah;Positif
557;Shiddik Dolar Damay Nya Pncr;Klo madura sungguh indah sekaliy;Positif
558;BAGAS PUTRA;Parkirnya Mahal;Positif
559;Farah Alzhar;Tempat nya bagus;Positif
560;Zainia Lauhim;Buat menghibur dri sendri;Positif
561;Davidson Davidson;Unik dan cantik;Positif
562;mul yadi;Sipp.. indah.. perlu d kunjungi;Positif
563;Ghir Sereng;Enak kalo buat liburan;Positif
564;SULTHAN Videography;sangat nyaman dan sejuk;Positif
565;rafa Rafael;Tempat yg kumuh;Positif
566;risman ynt;Bagus unik alami;Positif
567;21-003_ Raihan Fadillah;???????? …;Positif
568;Abdullah assaydani;Bagus sekali;Positif
569;Mas Sory;Pemandangannya bagus;Positif
570;Andrie Hermawan Putro;Bagus;Positif
571;Abie Ole Olang;Obyek Legendaris di Pantai Utara Madura;Positif
572;Win Winarno;Tempat yg enak unt santai;Positif
573;Moh. Wahed Hasim Asary;Air terjun so beautiful;Positif
574;hady riendy;Bagus;Positif
575;M. Fauzi;Lumayan lah;Positif
576;RIZQI AFSOH;Unik dan Seru..;Positif
577;Satria Imandaka Pradana;Tempat terjangkau;Positif
578;nanang pribumi;gak rugi datang kesini;Positif
579;Alfian Risky;Karna tempatnya sangat indah;Positif
580;Uzzy Gepenk;Senang bersama teman disana;Positif
581;BANG RACHMAN FISHING;Pemandangan yang ciamik;Positif
582;Zay Nuddin;Okey tapi kurang perawatan;Negatif
583;Iskandar muda;Tempatnya bagus;Positif
584;Rizky Nur Masjidi;Lumayan oke;Positif
585;Orang Awam;Saya kos disini;Positif
586;Nur Wahyudi;Mantap;Positif
587;Yarra;Mantapsss;Positif
588;Alfred Ramses;Lumayan bagus..;Positif
589;Dina Yunita;Lumayan meski sempit;Negatif
590;ArTa Channel;Tempatnya sedikit kotor;Negatif
591;Muqorrobin project;Tak suka;Negatif
592;nasyaeif putra;Bagus;Positif
593;Suherman Suherman;bagus sekali;Positif
594;SAMSUL ARIFIN;Bagus;Positif
595;Daniel Christianto;Kurang terawat;Negatif
596;Moh. Safirul Anam;Indah;Positif
597;Abd Gani;Aq suka;Positif
598;Daikong Shitami;Jauh sekali;Negatif
599;abdul aziz;Madura;Positif
600;Mulyo Manggih Widodo;Kurang pengembangannya...;Negatif
601;Hasuke BinZubair;bagus dan dan minim biaya;Positif
602;Mayor Adim;Tempatnya bagus..;Positif
603;Arjuna Rentcar;Air terjun yang indah;Positif
604;Nyimas Khanza Saskhi Nabila;gada apa apa sih, kurang seru;Negatif
605;STORIES_REAL POPULERS;Bagus;Positif
606;Mamat Toroan;Temapat enak dan aman;Positif
607;O-Gear;Tempatnya bagus;Positif
608;Hendry Aslam;Enak pentolnya...;Positif
609;arnanto nugroho;Lumayan bagus;Positif
610;Mufid Official;Tempatku Menimbah ilmu;Positif
611;Ferry Irawan;Sangat bagus;Positif
612;GSA Bangkalan;Buat refresh sejenak;Positif
613;Faisoll Akbar;Air yg indah;Positif
614;I Sanusi;Terbayar;Positif
615;Zeen Dobrak;Suasana yang bagus;Positif
616;niken lanovi;Keren pokoknya ma;Positif
617;Gundul Pacul;Keren;Positif
618;fahrudi ifai;Cukup bagusss;Positif
619;Bojes Farm;Lumayan indah..;Positif
620;Apin Poy;Pokoknya sangat puas;Positif
621;Arief Arfi Alfikry;Indah.... adem... hmm....;Positif
622;Jerry Anggoro;Banyak sampah;Positif
623;Suu Rach;Desa kecil penuh certa;Positif
624;Qifuat TV;Indah dan mempesona;Positif
625;DewantaraID;Sampahnya mengganggu;Negatif
626;Retha Wiyono;Jelek dan kotor;Negatif
627;Jakfar Sodiq;Puas, mantap;Positif
628;Suhartono Bee;Pemandangan yang indah;Positif
629;bari indro pratomo;Tenang ...;Positif
630;kun setiyono;Bagus;Positif
631;eny subroto;Indah banget;Positif
632;Mila Milano;Sangat Bagus;Positif
633;MAZ RIZAL# HONG PEHONG;Bgs;Positif
634;Oonk Louis;Bagus;Positif
635;Green Bohlam;Bagus;Positif
636;chavid top;Bagus dan nindah;Positif
637;hari subarno;Air terjun Toroan ketapang;Positif
638;Heris;Cakep;Positif
639;Danang Budiman;Segar;Positif
640;Lina Charel;Biasa aja...;Positif
641;Riki Afriyanto;Butek;Positif
642;Luluk Mukarromah;Sangat indah dan bangus;Positif
643;Mas Deto;Keren abiss cuyyy;Positif
644;hanif jidda;Menyenangkan;Positif
645;Tieni Tahayoung;Okey;Positif
646;al sya;Sering berkunjung;Positif
647;Jabirut Tamam;Tempat gitu tok;Positif
648;Sauqi Alfarizie;Lumayan Indah;Positif
649;Joni virnanto;Indah;Positif
650;Hidayatullah Syah, LGED HNI-HPAI;Mantul;Positif
651;Ari Basuki;Keren;Positif
652;As'ad Yahya Syafi'i;Indah sekali;Positif
653;R. Nurcahya Dwi Asmoro;Sip;Positif
654;Mr Capung Canel;Mantap;Positif
655;Doel Pentol;Indah, seger dan waoooooooooow bgt.......;Positif
656;Chuwez15;Masok;Positif
657;Satunya Satunya;Bagus bingit;Positif
658;Apdete info Seluruh indonesia;Bagus;Positif
659;Ong jong khing;Lumayan indah;Positif
660;M Irfan Setiadi;Strategis dan indah;Positif
661;Makbul Faqot;Sangat indah;Positif
662;Zeynutdin Zeynutdin;Bagus;Positif
663;Kaconk MD;Alhamdulillah;Positif
664;segianto 39;Favorit para wanita..?????? …;Positif
665;Sinap Sinap;Kurang indah;Negatif
666;Madura Update;Tempat yang indah;Positif
667;maryadi jantan;Bagus;Positif
668;Anggita Ayu;Mengecewakan;Positif
669;Rizky Cihuyy;Sangat indah;Positif
670;Muhammad Afandi;Sangat indah;Positif
671;Azraa Vaey;Strategis dan cantik;Positif
672;andrie rusdiansyah;Bagus;Positif
673;dian Kurniasih;Keren,, instagramable..;Positif
674;Alaina Hanan;Biasa;Positif
675;muhyidin firda;Indah;Positif
676;Ariful Azis;Bagus;Positif
677;kang sukir;Indah;Positif
678;agus pendekar;Bagus;Positif
679;Mely Elkholidi;Bagus;Positif
680;Story Bola;Eksotik;Positif
681;Robbi Indra Wiguna;Murah;Positif
682;Omega Lesta;Indah;Positif
683;Fridinal Deleshef;Jelek;Negatif
684;Nasir 57;Sejuk;Positif
685;Fausi Amiin;Mantab;Positif
686;sarika arinta;indah;Positif
687;Mohammad Nurul Hidayat;Alami;Positif
688;Sampoerna Mild;Keren;Positif
689;Rahmat Hidayat;Indah;Positif
690;Victor Honesto;Bagus;Positif
691;Andre Susanto;Lumayan;Positif
692;Rud aulf;Apik;Positif
693;Hamdan Yuwafi;Sejuk;Positif
694;Husen Efendi Mohammad;Alami;Positif
695;TRI WI JAYANTI;Bagusss;Positif
696;Zainul Arifin;Bagus;Positif
697;Amirul seneng;Waw;Positif
698;Muhammad Prasetyo;Keren tempatnya;Positif
699;Zulkifli Arif;Unik;Positif
700;Ifa Mousee;Mantab;Positif
701;Sapri Rullah;Angker;Negatif
702;Juarieko Arganta;Keren;Positif
703;Nadhila Yusrina;Mantap;Positif
704;Dark Yagami;Tenang;Positif
705;Uyunks Regas;Seru banget;Positif
706;Mazukon Siwickedts;Oky;Positif
707;supri gareng;Indah banget;Positif
708;hasbi umam;Mengesahkan;Negatif
709;Lala CAH AYU MODES AND TAILOR;Asyik;Positif
710;Hasbullah;Bagus juga;Positif
711;Zurach Bhajink Sakti;Karena bagus;Positif
712;Arif Budiman;Pasti transfer;Positif
713;Yu ni;Dekat rumah;Positif
714;Purnomo Dwi Candra;Top banget;Positif
715;Feriiskandar80 Traveller (asenxdayax);pesona Indonesia...amazing;Positif
716;Samm Samm;Sip;Positif
717;Pasker Madura waki;Sip;Positif
718;Atik Rosita;Mayan;Positif
719;Erdiant Rendy;Madura keren;Positif
720;Erika Amelia;layak dikunjungi;Positif
721;Dhay Hidayat;Buaguss Buangett... ?? …;Positif
722;mbaksyaa;Recomended ???? …;Positif
723;agus ardiana;Nyaris sempurna;Positif
724;Prametha Armunanto;View mantab;Positif
725;afandi jayanto;Kepingin kesana;Positif
726;achmad jumadi;Seru bnget;Positif
727;Sudarmanto Darmadji;wisata alam;Positif
728;Sudari Saifuddin;Indah dan asri;Positif
729;Paramitha;A cool waterfall near the beach, not too crowded. People aren't allowed to bath in the waterfall. The rocks are quite slippery. Free entry, only pay for parking. There's still lots of small animals on the beach like hermit crab and little …;Positif
730;olivia a;Several years ago when i first visited this place, it was nice, everything is made by nature, but today i saw huge improvements that makes it even better. There is even a cafe! Well done, Sampang!;Positif
731;Kristina Dameria;"good view waterfall and area was in the main road so access so easy.
free entrance ticket but for car parking have to pay 10.000 rupiah per car.
access to waterfall from parking area not too far just walking go down by around …";Positif
732;Gavin Starkey;Came here several times over the past 5 years. Looks much more developed and clean. Food is good and ample safe parking. Service at restaurant was not friendly on my recent visit.;Positif
733;alam cahya;Best mini waterfall ! Although need 3 to 4 hours to get there from surabaya. But its worth it, got a nice sunset view and fresh water from the waterfall, the waterfall itself falldown through to sea and have an clear view of water. Nice one !;Positif
734;Johan HP;Such a peaceful and beautiful place! The best time to go here is sunset(which unfirtunately, I can not see the sunset there because I went there in the rainy season). But taking picture here in blue hour is also great. I spent a night here …;Positif
735;cantika nizam aluminium;Sayang gak kerja ????????;Positif
736;Siva Prasad;Best place to visit, I love this location;Positif
737;Mohammad Ferianto;Toroan waterfalls is a tourist destination in Sampang. It's located near of Ketapang traditional market. This waterfalls close to the beach so that the water will flow to the sea. This place is not recommended for children because there is not sufficient area for playing and prohibited to swim here.;Positif
738;dian ekawati suryaman;Unique waterfall. The water fall directly in to the sea/beach. This is the biggest waterfall in Madura. We must be very carefull when walking around the beach near the waterfall. Dont ever swim under the waterfall.;Positif
739;Arista Bayu;Although a distance from Surabaya to here is god damn so far, around 100 kilometers, but believe me that worth it at all! The waterfall drop directly into the sea, very unique. But remember, you can't swim in there because there is a hole below the waterfall.;Positif
740;Edwin Azmiramdhan Sulaiman (Edwin / Lemon);It is an adorable place, which is a great spot for relax and take a picture. The access is easy. But the road from Bangkalan to this area is not in a good condition. We must drive carefully. But still, must go place once before you die !;Positif
741;Arief Hartanto;Air terjun dipinggir pantai....luar bi …;Positif
742;Suria Nataadmadja;Man made waterfalls, it’s a diverted overflow from a nearby river to the sea. Ingenious though. Need to walk down 50 steps stair. There’s a small area where people can enjoy the “waterfall”;Positif
743;Christian Wijayanto;small waterfall, but has an easy access, near the public road. the panorama at sunset is very beautiful. you can go down below the waterfall to take some pictures, but be careful because there are many rocks around there. still it's one of several popular waterfall in Madura Island. it's recommended place to visit when you're in Madura.;Positif
744;Jo Ni;"Terletak di pinggir jalan.
Saat musim hujan, tangga becek dan licin.";Positif
745;Phoebe Yulia;Nice and interesting waterfall directly go to the sea. The problem is alot of trash on sea and the rocks around the waterfall/beach. Cheap ebtry only 5 thousand. If you go here, please no trashing. I hope people who work there can clean the place not only asking for entry fee.;Positif
746;James Farley;Small but beautiful. People were very nice!;Positif
747;Frea Renata;super dissapointing, everything isn't treated well. Many trashes are everywhere in the floors , water is pretty much brown and dirty. i dont understand why the rating is 4 tho ??. it is so different with the pics on the google, where the …;Positif
748;???;Sungai mengalir ke laut me …;Positif
749;Zainal Ritonga;Mereuen;Positif
750;Edo Suhartanto;"It's unique ... the water drop into the sea directly
But it is a river used by local, so the pungent smell is noticable …";Positif
751;MTegar RSaputra;a good place to rest when you are on a long trip;Positif
752;Kita Pritasari Arumdati;Easy access, quite clean area, clear water, waterfall right next to the seaside. Good place for photographs and to just chill by the beach with running waterfall behind. Free, only fee for parking. Available toilet, bathroom, and Mushola with praying equipment inside (Qur'an, mukena, sarung, etc.);Positif
753;Ken Guest;It's a waterfall falling  into the sea. Not much else to see and not particularly picturesque, but interesting enough to visit. The little warung at the top is ok, with decent food. There are toilets available.;Positif
754;Lufthans Arstipendy;It is adorable.. But the place is so far about 45 minutes from Sampang city, and also a bit hard to get here.. Must use your own vehicle, not really sure there is a public transport to get here..;Positif
755;Dullatëp;Beautiful waterfall right at the beach with sunset.;Positif
756;Richard K;"The unique thing is this waterfall is directly poured into the sea (beach).
The height is about 9 meter.
Easy access with lot of visitors during holiday..";Positif
757;Erick Kwan;hidden mini waterfall and beach. You can see two place in one time.;Positif
758;gede wijaya;Nice spot for landscape photographer ?????? …;Positif
759;Ani Arifah;Very long drive from Bangkalan with uneven surface. Very dirty/murky water and not much space to take photos! Wasn't expecting that it's actually worst than the photos on Google search. Would not recommend this place for visit.;Positif
760;denny vincentius;good location fresh but hottest place;Positif
761;Faisal Al Shehri;Sebagai pemandangan yang sangat indah dianggap air terjun tanah yang turun ke laut.Masalahnya air air terjun itu membuang kotoran ke dalamnya.Sangat tercemar.Mereka harus menjagan …;Negatif
762;Deni Priyo;Bagus banget..cuma sayang jalan menuju curug rusak parah..tolong diperbaiki..;Negatif
763;Wikan Karis Basutama;A nice waterfall with a view of the sea. Recommended stopping by if you are in Madura. Close proximity to the main road. Large parking area.;Positif
764;Barry Russell;It’s ok. It’s water falling into the sea, so that’s cool! It would be better as a swimming area instead of just a selfie point. But for this area it’s ok to stop and check for 30mins;Positif
765;Baihaqi Bintang;One of the best photo spot in madura;Positif
766;Rakina Rahman;Beautiful waterfall .;Positif
767;Adam Victor Handoyo;Amazing place for landscape lover;Positif
768;joni pri;This place is beautiful and convenience;Positif
769;????:?????????? ???? ?? ??? ?? ???? ???????;"Tampilan yang menarik dan gambar yang indah seolah-olah menggambar dari imajinasi
Tapi itu butuh per …";Positif
770;oscar samosir;Little waterfall and sea view.;Positif
771;Buhari Stisindo;Nice scenery.. Awesome;Positif
772;zaini Art;It's beautiful.;Positif
773;Rizky Analdo;Just visit madura and arrived here. Quite good place. But the access to go in it a bit hard bc we stepped on a root..;Positif
774;Novel firdhaus;Literally not like I'm expected, the waterfall is so small and we can't swim too no too recommended.;Positif
775;Kate Hall;Beautiful waterfall, and fairly rare. Easy access, with parking above.;Positif
776;Cing Cing;Amazing place to shot;Positif
777;Lazuardi Al Muzaki;hidden place ad worth, quiet from crowds though it's all accessible by any vehicles. That's make it special;Positif
778;Dyan Fatah;Good view, still natural. Need more manage to make the best;Positif
779;Paul Widjanarko;Great place to visit and taking beautiful picture of the waterfalls during Sunset;Positif
780;Poeng;Beautiful water falls at beach;Positif
781;Rose Diana Sari;Mini waterfall in north Madura Island ..;Positif
782;Fithra Asriyani;Besar;Positif
783;Selvie Liao;Nice...;Positif
784;Mofir;Ok;Positif
785;faried alvino;Air yerjun toroan sampang;Positif
786;Mardi Setiawan;River fall to the sea;Positif
787;Azura Azura;Niceeee;Positif
788;M. Anwarsyam Mohamad;nice spot;Positif
789;Natsuri Afroh;Bagu jgk ya payment danga pun bag …;Positif
790;Roudhotul Ilmiyah;Airnya tidak sejernih di foto;Positif
791;Rendy Lewerissa;Had a great view to relief stress, especially at sunset;Positif
792;Ali mahrus;sip;Positif
793;Cristian Moreno;It's OK for a nice stop and even for a tasty meal!;Positif
794;fnu asnawi;sampah dimana-mana.. huhu.. kecewa?? …;Negatif
795;entop topan;nice scenery;Positif
796;Steven Ray W;Silence, the environment is really quite, beautiful, and fresh air.;Positif
797;Rohid_akram;Kor cek settong dereh;Positif
798;Novian3 DK;There's have a good place for your trip in island;Positif
799;Sigit Purnomo;Beautifull view...;Positif
800;Smart Foto & Video Surabaya;Landscape photography;Positif
801;Afrinaldi Zulhen;One of the best sea-waterfall in thr world;Positif
802;Reza Syahputra;Quite good place, but need more improvement.;Positif
803;Herlina Halim;Need more facilities to take good point of picture;Positif
804;Soffian Joyopranoto;Good view when the Sun in the Northern;Positif
805;ibnu widagdo;NIce;Positif
806;Graeme Ts;Nice waterfall of freshwater into the Java Sea.;Positif
807;Bayu K;Good place for hunting photo with wild inspiration;Positif
808;Salahuddin Muhammad Iqbal;Perfect place for photoshooting any surreal themes.;Positif
809;Akmal Rizal;Nice place to visit.. Very recommended.;Positif
810;Retno Tri Lestari;Nice waterfall;Positif
811;moh huzaini;Top;Positif
812;Nurul Hudi;Beautiful waterfal;Positif
813;Maskur Unlimited;Murni;Positif
814;Gandi Tan;Recommended Place;Positif
815;Anas Jhaya;Wow;Positif
816;khoiril hidayat;Perlu ditingkatkan …;Negatif
817;Bayari Sentono Putro;Excellent view, sea front;Positif
818;Moh Bahri;Beautiful and wonder full beach;Positif
819;Ria Puspitasari;I recommended you to visit this place if you are in madura;Positif
820;Hendra Gunawan;Not much to do, just took some pictures;Positif
821;Ming Bee;cool and beautiful place to go;Positif
822;Abdullah Aziz;Cantik & kere …;Positif
823;Yudi Priyono;Beautifull;Positif
824;Antonius Masashi;Juga up …;Positif
825;A Hz;A good place for couples ?? …;Positif
826;My news 24;Good;Positif
827;Edy Sony;Sekali lagi te …;Positif
828;Hasani an nawawi;Bagus dan sangat bagus …;Positif
829;fajar mahardika;Nice and natural waterfall;Positif
830;Zaein Fairuzz;Bagus, suasana sejuk, keren gayzz …;Positif
831;Arifin LhorEezz;Benxk brit ini;Positif
832;El Maulidy El Madury;Is The Best;Positif
833;happy channel;Tempatnya cukup menye …;Positif
834;Rossie Vanzer;It't amazing you know;Positif
835;Budi Kurniawan Mugcantik;Beautiful;Positif
836;Abrori Majid;Sipp;Positif
837;Imatus Solicha;The water is so fresh;Positif
838;Andi Taufik;Joss;Positif
839;Dradjad Uripno;Beautiful Sun set;Positif
840;Soqui Suqeje;tempat yang sanga …;Positif
841;jie nug;Just an ordinary pitstop ...;Positif
842;Agung Setiawan;Landscape photography;Positif
843;AL-THUBA;Good;Positif
844;April Caem;Bgussssss;Positif
845;Samroal Launah;Beautiful waterfall;Positif
846;Roeji Ucil;baguus;Positif
847;MAS Official;Okay;Positif
848;Khairul Umam;Mantap;Positif
849;SINAR TEKNIK ABADI;ok;Positif
850;Anto Prabowo;Hidden gem;Positif
851;KADHAFI 161;Seppp;Positif
852;Gus imam official;Ok;Positif
853;Shevyn Andreas;Josssss;Positif
854;Minda Alzilia;Ok;Positif
855;hendra lesmana;Woouuuuuuuuuuuuuuuuuuuu …;Positif
856;Raiden YT;best place ever;Positif
857;DeRatu Syafruddin;Nice;Positif
858;Anum Barista;Good;Positif
859;amreen hd;Natural Beauty;Positif
860;Indriati Ningtyas;Like this;Positif
861;Helmy Setyawan;Amazing;Positif
862;Andi Purwanto;Sep;Positif
863;arief lukman hakim;Waterfall;Positif
864;Doel Pentol99;Cakeeeep......;Positif
865;Steven Chen;Good place;Positif
866;Suherman Yacob;nice place;Positif
867;ucup doank;Serru buaaget;Positif
868;hoiriyah hoi;Beautiful....;Positif
869;Abdul Wahid;Good place;Positif
870;Fhiina ashraf;Beautifulll.....;Positif
871;Basri Hailullah;Desa ku;Positif
872;Agus Sudrajat;Magnificent...;Positif
873;SYAIFUL BAHRI;Yoi;Positif
874;Yanto;Muaannnntaaap;Positif
;;;
;;;
;;;
;;;
;;;
;;;
;;;
;;;
;;;
;;;
;;;
;;;
;;;
;;;
;;;
;;;
;;;
;;;
;;;
;;;
;;;
;;;
;;;
;;;
;;;
;;;
;;;
;;;
;;;
;;;
;;;
;;;
;;;
;;;
;;;
;;;
;;;
;;;
;;;
;;;
;;;
